,Country,Acs_Water_Service,BMI18,BMI25,BMI30,Diab,Hyp_Ten,Insuf_Phy,N_HDL_Chol,PM2.5,R_Bld_P,Alc_pcgmp,Male.Life.Exp,Female.Life.Exp,Hep83,MCV1,Pol3,DTP3,HIV,PCGMP,Pop,EduAvg,P_Ciga,Tax_Ciga,HDL_Chol,Cal_Daily,Isc_Stroke_Death,Hae_Stroke_Death,Cancer_Death,Res_Dis_Death
1,Afghanistan,73.78,7.43,43.77,16.21,22.88,40.2,31.5,3.1,62.49,34.57,0.013,60.04,62.55,65,57,71,65,0.06,497.7414313,37769499,5.69,0.39,0.21,1.1,2228.0002,10275.43,10189.37,NA,18392.65
2,Albania,94.76,1.54,60.93,21.42,9.74,41.8,23.31,3.6,16.28,38.25,4.38,76.17,79.87,99,95,99,99,0.05,5396.214243,2854191,10.32,2.37,0.67,1.4,3374.9963,3165.94,7196.36,NA,858.66
3,Algeria,94.24,4.8,55.58,22.28,17.87,36.2,28.14,3.3,22.68,30.44,0.57,76.24,77.08,88,80,88,88,0.08,4530.101745,42705368,8.18,2.34,0.35,1.1,3478,16764.51,6358.72,NA,6455.43
4,Andorra,100,3.01,48.13,17.56,7.18,31,28.13,3.6,8.52,20.79,11.06,NA,NA,98,99,99,99,NA,41328.6005,76343,NA,4.32,0.78,1.4,NA,23.32,10.97,NA,11.46
5,Angola,56.88,10.21,30.22,10.43,17.32,38.7,17.63,2.8,27.16,34.28,5.28,60.33,64.65,57,51,56,57,0.87,2191.347764,32353588,NA,1.56,0.12,1.2,2426.9998,4768.88,8400.8,NA,26044.72
6,Antigua and Barbuda,98.37,4.96,60.96,31.24,19.3,42.6,36.9,3.5,8.3,32.78,11.24,74.05,77.07,99,93,95,95,NA,18730.0048,92117,NA,5.22,0.13,1.1,2454.8135,33.93,32.23,109.972145,27.15
7,Armenia,99.93,3.09,54.07,23.24,10.94,47.3,25.9,3.2,34.13,43.15,4.08,70.82,79.79,92,95,94,92,0.35,4828.504886,2820602,10.54,1.44,0.44,1.1,3229.9956,1632.05,498.24,126.19673,1497.83
8,Australia,99.97,1.75,63,28.8,7.27,29.3,25.59,3.2,8.93,21.69,9.5,80.72,84.57,95,94,95,95,0.06,55049.57192,25334826,12.93,21.13,0.74,1.5,3504.0002,6454.82,3955.51,102.62302,4693.75
9,Austria,100,2.49,44.8,14.9,5.03,33.8,21.31,3.6,11.51,24.64,11.7,79.45,83.78,85,95,85,85,NA,50067.58573,8879920,10.39,6.75,0.75,1.5,3814.0007,3299.5,1811.17,103.612495,1537.81
10,Azerbaijan,95.67,2.52,60.28,24.99,12.62,41,23.45,3.3,24.64,35.33,0.88,73.38,78.09,94,98,96,94,0.09,4805.753718,10024283,NA,1.06,0.5,1.1,3268.9966,2138.28,3803.48,NA,1064.34
11,Bahrain,99.92,3.29,67.65,34.91,20.91,38.7,37.6,3.3,51.82,31.34,1.45,75.39,76.86,99,99,99,99,NA,25869.11291,1494188,8.21,6.12,0.72,1.2,3481.9883,235.22,154.53,NA,110.47
12,Bangladesh,97.83,15.9,23.44,4.32,17.11,28.8,20.33,3.1,45.99,24.58,0.004,72.64,75.26,98,97,98,98,0.01,2122.037652,165516222,7.23,1.12,0.73,1.1,2513,55397.89,73607.87,NA,29173
13,Barbados,98.51,3.51,65.81,35.82,21.67,41.8,42.8,3.3,9.79,27.71,10.03,74.33,77.61,90,92,91,90,0.46,19156.03987,280180,9.67,NA,NA,1,3136.8545,192.92,116.3,NA,128.26
14,Belarus,98.39,2.65,54.91,21.27,6.87,49.2,14.46,3.2,15.48,44.17,10.14,69.73,79.66,97,98,98,98,0.26,6837.768321,9419758,NA,0.52,0.56,1.4,3291.9995,12518.33,3453.11,NA,867.85
15,Belgium,100,2.18,51.01,19.25,5.91,30,28.01,3.1,11.26,18.62,9.22,79.5,83.66,97,96,98,97,0.08,46641.7214,11488980,11.57,8.06,0.77,1.5,3849.0005,4388.36,2647.53,103.05496,6139.25
16,Belize,98.4,2.29,71.16,40.12,17.78,38,40.26,3.4,10.51,29.85,5.93,72.55,77.38,98,96,98,98,0.66,6134.215233,389095,10.71,2.75,0.35,1.2,2864.978,51.07,68.33,NA,81.44
17,Benin,66.67,8.93,28.53,10.05,10.3,31.2,17.56,3,31.51,28.27,5.19,61.76,66.58,72,58,69,72,0.19,1170.885995,12290444,6.27,0.9,0.1,1.1,2686.9995,2984.92,4176.5,NA,10304.48
18,Bhutan,98.87,3.76,42.84,10.45,14.95,43.4,9.95,3,26.1,39.62,0.066,72.87,75.13,97,97,97,97,0.11,3564.598771,767459,NA,4.81,0.08,1.1,3248.9705,171,164.63,NA,134.86
19,Bolivia (Plurinational State of),92.57,1.83,62.26,26.02,15.62,28.3,22.24,3.3,25.23,20.87,2.98,72.03,73.79,75,79,75,75,NA,NA,NA,NA,1.74,0.36,NA,NA,NA,NA,NA,NA
20,Bosnia and Herzegovina,96.12,2.57,55.87,19.86,12.01,44.2,19.88,3.3,26.19,36.92,5.33,74.64,79.56,80,65,74,73,NA,6094.724823,3360711,NA,3.6,0.84,1.3,3341.992,6083.02,1310.34,125.241776,448.72
21,Botswana,92.22,12.65,40.48,17.07,8.52,44.1,22.89,2.7,12.82,35.78,7.43,62.74,66.95,95,97,96,95,4.93,6691.160846,2499702,10.58,4.31,0.52,1.3,2574.9949,486.05,613.97,NA,1172.5
22,Brazil,98.94,2.97,59.91,25.23,11.71,45,39.01,3.4,10.94,30,6.32,72.22,78.73,72,91,85,70,0.38,8845.324149,211782878,8,1.01,0.82,1.2,3281,67588.9,50549.1,95.16179,90075.55
23,Brunei Darussalam,99.9,4.27,66.09,29.13,17.78,46.4,31.56,3.8,6.86,32.46,0.66,75.25,78.16,99,97,99,99,NA,30748.30924,438048,NA,NA,NA,NA,NA,NA,NA,NA,NA
24,Bulgaria,99.14,3.71,51.39,19.66,9.69,45.2,30.36,3.6,17.29,34.87,11.39,71.52,78.62,93,95,93,93,0.07,9874.336326,6975761,10.75,3.03,0.85,1.4,2870.9976,18961.96,5114.67,123.41203,1676.06
25,Burkina Faso,49,13.25,19.37,5.61,10.08,30.5,16.7,2.6,40.74,27.78,7.22,60.08,65.06,91,88,91,91,0.12,765.2295604,20951639,NA,1.35,0.44,1,2629.0002,2471.4,5406.16,NA,18391.66
26,Burundi,62.09,17.4,15,4.22,8.19,34.2,14.31,2.8,28,30.3,3.1,62.37,66.23,93,92,93,93,0.17,216.9729709,11874838,5.05,1.04,0.37,1,1780.0002,1370.39,3427.87,NA,7400.06
27,Cabo Verde,88.59,5.28,44.09,14.19,8.85,44.1,29.71,2.8,31.08,37.88,5.47,69.71,78.23,96,98,97,96,0.67,3903.050317,577030,NA,2.66,0.19,NA,NA,NA,NA,NA,NA
28,Cambodia,75.34,12.52,22.05,3.59,8.75,25.7,13.18,3.3,17.8,20.01,4.5,66.87,72.16,88,87,89,88,0.15,1671.3854,16207746,5.81,0.51,0.26,1.1,2812.0007,5451.73,11744.67,NA,9787.99
29,Cameroon,67.99,6.65,38.07,13.77,14.84,36.8,19.26,2.9,56.37,33.97,4.05,60.08,64.06,67,61,68,67,0.89,1538.563063,25782341,7.37,1.26,0.43,1.1,2832.9998,5319.67,8595.67,NA,21380.14
30,Canada,99.22,1.95,59.01,25.72,6.53,22.1,35.58,3.2,6.39,8.69,8.08,80.12,83.9,84,90,92,91,0.1,46352.86934,37618495,12.93,9.59,0.62,1.4,3580.9995,8768.11,5540.42,104.03259,7188.97
31,Central African Republic,38.21,20.88,21.83,8.06,18.2,41.3,16.58,2.8,27.2,38.97,1.44,50.31,55.89,42,41,46,42,2.88,426.4087531,5209324,4.64,NA,NA,1.1,1853.9967,794.13,2212.42,NA,5762.05
32,Chad,50.5,16.02,19.77,5.85,10.31,37.9,18.27,2.8,41.15,33.73,0.53,57.84,60.94,50,40,46,50,0.45,701.621201,16126866,NA,0.9,0.52,1,2299.0002,2496.36,4510.92,NA,22168.99
33,Chile,100,0.76,76.21,35.99,12.96,36.1,35.8,3.4,20.49,23.89,6.39,78.66,83.34,96,95,96,96,0.44,14616.20725,19039485,10.74,4.03,0.8,1.2,3048.001,5896.51,3752.56,101.52537,6185.11
34,China,95.32,5.24,34.58,6.9,9.94,27.3,23.03,3.3,38.15,23.01,4.78,74.58,80.36,99,99,99,99,NA,10143.86022,1407745000,8.99,2.19,0.54,1.3,3303.9998,1095123.2,1330990.8,NA,201526.34
35,Colombia,96.89,2.89,58.02,21.97,11.75,31,33.22,3.7,14.04,20.8,4.19,75.33,80.55,92,95,94,94,0.34,6436.509215,50187406,10.2,1.38,0.73,1,3046.0005,8535.05,8026.49,83.612274,9895.24
36,Congo,73.6,13.74,23.78,8.11,12.28,39.8,16.43,2.8,29.48,36.04,5.6,62.43,63.08,79,73,78,79,NA,NA,NA,6.74,1.35,0.27,1.2,2141.9978,906.42,1479.41,NA,2391.88
37,Cook Islands,99.97,0.49,87.7,67.05,28.54,42.6,28.96,3.7,7.8,35.53,12.6,NA,NA,98,99,98,98,NA,NA,NA,NA,NA,NA,1.1,NA,3.95,7.68,NA,6.13
38,Costa Rica,99.8,2.39,65.47,29.38,21.2,37.8,48.64,3.7,14.7,18.98,3.19,77.93,82.71,94,95,96,95,0.27,12669.34115,5084532,9.12,3.76,0.54,1,3020.0017,1017.02,628.08,95.92034,845.99
39,Cote d'Ivoire,72.54,8.07,32.63,10.36,10.3,37.3,20.05,2.8,40.41,34.04,1.93,61.19,66.19,79,71,79,79,0.61,2309.313583,26147551,6.05,1.26,0.35,1.1,2845.0007,5166.06,6529.98,NA,17692.21
40,Cuba,94.15,4.77,53.07,20.01,11.64,39.9,57.35,3.3,13.32,26.85,4.75,75.3,80.12,99,99,99,99,0.37,9139.38051,11316697,11.61,NA,NA,1.2,3424.0002,6809.33,3778.5,125.31512,8700.08
41,Cyprus,99.77,2.15,53.91,22.43,7.16,30.8,41.1,3.5,14.52,20.55,7.93,80.2,84.16,95,86,95,95,0.07,29419.99219,1228836,12.42,5.33,0.74,1.4,3043,338.06,179.64,88.99595,132.25
42,Czechia,99.88,1.94,58.4,24.62,7.28,41.6,23.25,3.5,14.34,26.82,12.91,76.3,81.93,97,92,97,97,0.03,23664.84786,10671870,12.93,4.89,0.77,1.5,3344.998,5972.99,1862.29,125.63644,4023.68
43,Democratic People's Republic of Korea,93.82,10.72,33.92,9.36,11.83,26.5,25.78,3.4,41.46,20.55,3.37,69.34,75.3,97,98,98,97,NA,NA,NA,NA,2.14,0,NA,NA,NA,NA,NA,NA
44,Democratic Republic of the Congo,35.68,14.34,19.96,5.81,8.87,34.3,15.02,2.8,31.58,30.31,1.08,59.67,64.08,73,65,74,73,NA,NA,NA,NA,0.51,0.52,NA,NA,NA,NA,NA,NA
45,Denmark,100,2.55,44.85,12.98,2.39,35.9,13.63,3.2,9.66,32.58,9.23,79.49,83.06,NA,96,97,97,0.05,59592.98069,5814422,11.69,9.71,0.78,1.4,3581.0005,2192.42,1288.69,123.59832,1987.58
46,Djibouti,76,13.02,27.49,9.85,8.16,34.2,17.01,2.9,19.98,30.38,0.27,63.63,67.27,85,83,85,85,NA,2876.043664,1073994,NA,NA,NA,1.1,2793.9766,247.61,460.28,NA,691.05
47,Dominican Republic,96.14,4.43,60.93,27.12,16.01,49.1,35.61,3.6,7.59,38.52,5.62,70.87,77.18,87,96,92,89,0.63,8173.344699,10881882,9.04,5.13,0.44,1.2,3049.9983,2599.77,3338.74,NA,2227.84
48,Ecuador,95.01,1.51,64.66,24.99,11.43,27.2,22.32,3.8,16.55,19.39,2.98,75.32,80.23,85,83,85,85,0.21,6203.727051,17343740,9.07,5.7,0.67,1.2,2505.9998,2813.8,3160.56,74.41811,5286.93
49,Egypt,98.76,1.52,72.56,42.37,25.81,38.2,33.35,3.3,63.16,31.03,0.15,68.97,74.3,95,95,95,95,NA,NA,NA,8.01,1.07,0.79,1.1,3138,53732.55,17374.89,42.517662,23621.43
50,El Salvador,97.82,2.52,64.98,29.19,12.52,32.7,37.91,3.5,22.15,19.79,2.92,69.48,78.73,96,96,97,96,0.24,4280.288404,6280217,8.1,3.17,0.47,0.9,2821.9993,990.94,983.5,NA,1929.32
51,Estonia,99.99,2.14,56.15,21.79,7.83,40.2,15.45,3.6,6.35,33.87,11.85,74.69,82.61,91,88,91,91,0.23,23581.65684,1326898,12.29,4.74,0.88,1.4,3253.0024,847.72,272.42,127.96367,351.12
52,Eswatini,70.43,4.32,54.53,27.74,11.24,42.5,19.59,2.8,15.07,37.26,7.13,52.47,59.38,90,81,89,90,13.95,3843.380046,1169613,6.46,2.57,0.54,1.2,2486.9788,338.13,584.59,NA,975.66
53,Ethiopia,47.25,24.58,9.76,2.31,6.39,27.4,9.75,2.9,21.8,25.71,1.85,67.17,70.54,68,57,69,68,0.16,840.4496013,114120594,NA,1.15,0.51,1,2411,8717.66,23237.32,NA,57345.04
54,Fiji,95.38,4.22,64.1,31.96,22.64,38.6,16.14,3.8,7.36,33.75,3.05,65.78,70.09,97,96,97,97,0.4,5927.72419,918465,11.52,8.2,0.37,1,2822.9937,178.78,523.09,NA,240.36
55,Finland,100,1.55,54.93,20.75,6.74,35.9,11.21,3.5,5.47,25.97,8.32,79.11,84.15,NA,96,91,91,NA,48629.85823,5521606,11.05,10.25,0.88,1.5,3339.0007,3110.12,1505.28,95.75032,278.38
56,France,100,4.41,35.76,10.26,3.06,29.1,25.22,3.7,10.46,20.9,11.46,79.77,85.15,93,92,96,96,0.2,40494.89829,67388001,11.89,11.85,0.83,1.5,3535,23654.57,12906.34,108.23072,20929.74
57,Gabon,85.98,7.15,44.91,19.13,12.74,37.4,21.13,2.8,26.29,32.42,6.6,62.61,67.75,70,62,70,70,1.09,7523.862278,2242785,10.18,1.81,0.22,1.2,2605.0024,478.45,586,NA,1071.11
58,Gambia,83.9,11.51,37.51,12.98,12.02,37.6,21.12,2.9,39.1,33.95,0.86,62.91,66.98,88,85,88,88,NA,NA,NA,4.92,1.35,0.49,1.1,2474.9978,575.49,712.46,NA,1566.78
59,Georgia,94.44,2.99,63.72,32.46,9.3,44.5,22.62,3.1,19.06,36.98,7.64,69.1,78.44,94,99,94,94,0.28,4741.283272,3720161,NA,1.63,0.81,1,3056.9968,6935.92,4071.3,124.91433,2240.91
60,Germany,100,1.89,54.13,20.37,6.55,29.7,12.98,3.4,10.73,16.29,11.11,78.75,83.19,88,97,91,91,0.06,46805.13843,83092962,13.1,8.29,0.64,1.5,3634.9998,40933.46,17915.45,111.14273,21925.18
61,Ghana,85.24,7.16,34.98,11.98,9.01,33.9,20.4,3.3,46.04,27.39,1.88,63.47,68.59,97,92,97,97,1.2,2167.925276,31522290,8.39,0.88,0.32,1.2,3009.9995,10214.59,11568.79,NA,15362.46
62,Greece,100,1.96,60.82,26.88,7.15,31.3,34.35,3.5,14.62,20.92,6.62,78.8,83.01,96,97,99,99,0.09,19143.88762,10721582,11.86,5.51,0.81,1.4,3420.9978,9922.17,5692.15,112.52023,7819.12
63,Guatemala,93.51,2.24,60.9,24.69,19.16,32.2,32.25,3.5,20.75,26.02,1.62,70.19,75.2,88,90,88,88,0.09,4647.807541,16604026,6.26,2.66,0.49,1,2636.0002,1805.84,2709.86,69.64835,8640.55
64,Guinea,67.68,10.5,26.31,8.21,9.34,40.9,16.77,2.9,37.57,37.94,0.33,59.8,62.36,47,47,48,47,0.91,1043.899886,12877539,NA,0.52,0.1,1.1,2813.0007,3349.69,4697.41,NA,15821.12
65,Guinea-Bissau,61.37,10.12,30.05,10.17,10.37,38,17.8,2.8,34.85,33.76,3.29,56.41,61.44,78,79,60,78,1.14,754.3816394,1970457,NA,NA,NA,1.1,2181,460.63,735.24,NA,1464.18
66,Guyana,94.95,7.26,54.51,26.19,20.87,40,33.64,3.9,11.11,31.94,5.16,65.58,71.99,99,98,97,99,1.09,6477.296726,798753,8.52,1.82,0.28,1.3,3106.9573,327.4,353.34,74.02576,315.04
67,Haiti,66.32,12.89,28.88,9.89,22.14,42.9,27.17,3.5,9.69,39.43,3.03,63.18,64.16,51,65,51,51,1.04,1345.475055,11160438,5.95,NA,NA,1.2,2112,3885.3,7179.61,NA,7019.99
68,Honduras,94.61,2.87,61.74,27.41,12.57,33.9,35.45,3.7,18.93,22.85,2.78,69.99,72.9,88,89,88,88,0.08,2498.509186,9958829,7.51,2.23,0.43,1.1,2632.9995,1967.96,3000.95,NA,1745.42
69,Hungary,100,2.54,60.76,29.63,10.3,48.3,27.55,3.6,14.24,37.42,11,72.98,79.52,NA,99,99,99,NA,16786.21364,9771141,11.96,5.11,0.73,1.4,3309.0002,9597.6,2560.53,162.29523,1566.98
70,Iceland,100,1.85,56.81,20.39,4.98,27.5,26.55,3.1,5.79,13.28,7.66,81.1,83.9,NA,93,93,92,0.08,68452.23622,360563,13.53,10.75,0.55,1.5,3656.8276,87.41,46.84,101.39262,79.11
71,India,91.56,16.26,26.47,6.18,20.48,31.1,45.44,3.2,50.17,26.52,2.98,69.18,72.41,91,95,90,91,NA,2050.1638,1383112050,7.8,2.54,0.58,1,2537,302418.53,473958.72,NA,436109.3
72,Indonesia,91.81,10.41,34.12,9.39,10.61,40.3,18.18,3.6,19.34,38.47,0.08,69.55,73.26,85,88,85,85,0.18,4151.227554,269582878,9.06,2.09,0.62,1.2,2913,168404.47,268467.66,NA,46893.04
73,Iran (Islamic Republic of),97.32,4.32,58.63,23.06,14.51,26.2,43.96,3.2,31.62,19.9,0.11,76.36,79.4,99,99,99,99,NA,NA,NA,NA,4.29,0.16,NA,NA,NA,NA,NA,NA
74,Iraq,97.78,2.61,71.67,38.75,24.19,48.1,50.71,3.5,39.29,41.72,0.16,70.26,75.37,84,86,85,84,0.02,5621.181695,41563520,8.27,0.42,0.08,1.2,2282.3914,13356.73,7303.91,NA,6266.09
75,Ireland,96,1.26,64.19,27.3,6.92,32.3,24.05,3.2,8.2,24.62,11.07,80.27,83.6,93,91,94,94,NA,80848.3019,4934340,13.74,15.99,0.79,1.5,3907.9993,1092.06,615.62,115.55594,1321.17
76,Israel,100,3.61,54.6,22.24,8.14,29.1,27.46,3.4,19.47,21.19,2.56,80.74,84.32,96,99,98,98,NA,44452.23256,9054000,12.04,9.98,0.83,1.3,3643.999,1358.35,1089.2,93.4821,1730.89
77,Italy,99.92,2.72,49.18,16.86,6.78,33.8,40.61,3.5,14.22,24.33,7.59,80.94,84.91,95,94,96,96,0.1,33673.75096,59729081,11.51,6.99,0.77,1.4,3647.9995,40061.1,19474.16,104.0509,16732.54
78,Jamaica,91,4.32,59.08,31.5,22.52,46.3,37.1,3.6,14.83,37.42,3.48,69.48,75.14,96,94,96,96,0.76,5626.170459,2813773,10.1,8.27,0.43,1.2,2915.994,1646.56,1302.28,NA,473.16
79,Japan,99.06,10.55,23.24,4.94,6.06,31.4,42.32,3.4,10.84,23.19,6.44,81.7,87.15,99,96,98,98,NA,40415.95676,126633000,12.83,4.88,0.61,1.6,2732,76438.53,52367.93,91.2651,120906.1
80,Jordan,98.95,2.75,70.08,38,18.95,37.7,28.12,3.6,25.87,25.65,0.29,79.73,80.34,89,87,87,89,0.01,4159.653754,10698683,10.81,3.17,0.78,1.2,2515.9995,1623.47,580.7,NA,848.93
81,Kazakhstan,95.43,3.49,51.83,17.64,9.64,41.9,26.49,3.1,26.5,29.16,3.86,68.84,77.2,97,99,97,97,NA,9812.595526,18513673,11.79,1.05,0.56,1.2,3371,12728.56,9331.09,79.05316,3625.27
82,Kenya,60.86,12.35,31.29,10.94,5.31,33.2,9.25,2.8,12.52,31.16,2.3,64.07,68.99,93,92,88,93,1.01,1970.08007,50951450,6.73,2.32,0.39,1.1,2300.9998,5742.73,10716.39,NA,23593.11
83,Kiribati,73.75,0.89,78.46,45.35,20.69,42.3,33.13,3.3,7.62,39.53,0.39,58.9,65.32,97,94,94,97,NA,1745.732415,124241,NA,4.33,0.41,0.8,3124.6982,22.73,93.69,NA,55.82
84,Kuwait,100,1.25,77.65,41.1,26.58,40.5,63.1,3.7,64.08,28.08,0,80.27,86.43,92,97,97,92,NA,31230.17295,4441100,6.62,2.78,0.19,1.2,3469.996,349.65,203.91,56.202736,422.54
85,Kyrgyzstan,89.86,3.18,56.08,24.68,11.01,40.9,19.2,3.2,37.58,36.76,4.44,69.92,77.14,95,96,96,95,NA,NA,NA,11.18,1.08,0.53,1.1,2762.9988,2002.86,1384.45,88.07422,831.39
86,Lao People's Democratic Republic,85.1,8.99,28.22,6.85,9.83,28.5,15.67,3.3,21.15,24.48,7.4,66.14,70.72,80,83,80,80,NA,NA,NA,NA,0.77,0.12,NA,NA,NA,NA,NA,NA
87,Latvia,98.74,3.07,57.91,23.47,8.36,43.9,15.18,3.7,12.02,36.31,12.9,71.05,79.97,99,99,99,99,0.42,17883.34941,1913822,11.96,4.38,0.8,1.5,3266.0137,4544.69,777.45,142.58171,469.02
88,Lebanon,92.6,2.38,64.29,28.73,18.55,38.1,55.64,3.9,24.23,27.86,1.17,76.92,81.47,74,81,73,76,NA,8925.42186,5781907,NA,1.66,0.1,1.3,2888.999,1513.37,876.27,54.121918,1589.89
89,Lesotho,72.88,7.02,40.57,19.23,7.2,40.1,8.2,2.5,17.6,32.73,3.48,48.96,54.91,87,90,87,87,8.71,1074.134047,2225702,6.88,2.77,0.51,1.1,1986.9911,953.14,1839.29,NA,2652.34
90,Liberia,74.16,6.38,34.95,14.44,10.28,39.4,16.22,2.8,35.8,36.08,2.84,62.68,64.2,70,68,69,70,0.51,665.8784476,4985289,5.8,1.41,0.57,1.1,2130,1054.86,1519.38,NA,3100.9
91,Libya,99.89,4.17,66.71,35.4,27.13,42.7,44.07,3.1,29.84,37.99,0.008,71.47,75.7,73,73,73,73,NA,10972.90252,6569088,9.57,2.53,0.09,1.2,3180.0024,2007.4,966.55,NA,807.18
92,Lithuania,98,2.08,57.83,24.6,10.34,48,20.67,3.7,10.37,41.92,10.97,71.45,80.82,92,93,92,92,0.15,19615.54915,2794137,12.5,4.92,0.74,1.4,3295.9966,4336.43,940.44,134.50174,648.71
93,Luxembourg,99.88,2.22,51.59,18.28,5.73,30.5,15.4,3.3,8.89,21.54,11.28,80.83,84.74,96,99,99,99,0.14,112726.4397,620001,11.53,6.4,0.68,1.6,3512.9375,140.72,85.37,95.46418,147.94
94,Madagascar,51.17,18.46,15.19,3.51,8.15,36.9,13.54,2.9,16.02,34.55,0.71,62.83,64.82,70,60,69,70,0.5,512.2796656,27533134,NA,1.05,0.8,1.1,1994.9998,5419.64,15018.17,NA,21275.41
95,Malawi,69.46,8.5,22.47,6.57,5.28,29.5,3.45,2.5,18.57,26.31,1.75,60.43,66.05,95,92,94,95,2.26,587.1154647,18867337,5.41,0.71,0.56,0.9,2597,4139.87,5978.74,NA,10033.64
96,Malaysia,97.09,6.02,52.41,20.15,23.23,40.8,40.15,4.2,21.52,32.92,0.67,72.71,76.99,97,97,98,98,0.18,11132.10274,32804020,11.96,4.1,0.51,1.3,2948.9995,9336.12,14192.08,51.54306,20402.92
97,Maldives,99.53,7.61,48.62,15.19,12.58,34.1,24.44,3.5,13,29.08,1.31,74.41,76.86,98,99,99,98,0.01,11349.85927,504508,8.06,6.49,0.66,1.1,2575.9592,350.98,286.57,36.790184,141.6
98,Mali,79.28,9.25,30.79,10.01,7.7,34.6,30.57,2.9,38.55,29.56,3.53,61.28,62.41,77,71,70,77,0.53,840.1757464,20567424,3.55,1.44,0.28,1.1,2789.9985,2608.62,4581.89,NA,19117.28
99,Malta,100,1.81,64.65,31.57,9.38,29.5,42.71,3.7,12.93,16.26,9.04,80.31,83.98,98,96,98,98,0.17,31751.18118,504062,12.09,6.52,0.78,1.4,3325.8943,179.72,90.75,97.20404,262.12
100,Marshall Islands,85.72,1.88,72.96,44.64,30.88,31.9,25.89,3.3,7.21,27.19,NA,NA,NA,82,85,78,79,NA,5186.833842,44728,NA,2.5,0.54,1,NA,7.15,38.09,NA,14.98
101,Mauritania,72.54,8.57,44.85,20.49,10.48,37.9,41.34,3,41.98,33.75,0,70,70.38,80,75,75,80,0.18,1800.875187,4383849,5.55,1.07,0.06,1.1,2950.998,998.32,1039.93,NA,2120.56
102,Mauritius,99.96,6.63,50.23,18.21,24,33.1,29.3,3.7,10.48,21.67,6.98,70.83,77.43,97,99,97,96,NA,11403.25279,1265985,10.4,3.75,0.81,1.2,3025.9907,503.04,491.43,82.16489,674.11
103,Mexico,99.12,1.5,72.05,34,15.82,32.1,27.16,3.8,17.83,23.21,4.78,72.8,78.89,56,73,82,82,0.28,10434.56762,125085311,10.18,3,0.68,1.1,3270,19258.07,17286.81,71.76023,32857.15
104,Micronesia (Federated States of),90.11,2.02,71.16,45.6,32.73,32.9,30.95,3.5,7.79,28.44,1.58,63.28,68.81,84,78,78,78,NA,NA,NA,NA,3.75,0.47,NA,NA,NA,NA,NA,NA
105,Monaco,100,NA,NA,NA,NA,NA,NA,NA,9.21,NA,NA,NA,NA,99,88,99,99,NA,199382.8386,37034,NA,11.85,NA,NA,NA,114.51,21.97,NA,71.67
106,Mongolia,81.44,3.11,55.74,22.16,12.99,42.8,23.74,3.7,41.3,31.73,7.19,66.27,75.47,98,98,98,98,0.02,4394.94715,3232430,10,0.81,0.45,1.4,2856.9956,372.91,2327.79,213.21913,388.18
107,Montenegro,98.68,2.12,49.09,16.91,9.69,45.1,22.01,3.6,19.3,34.75,NA,73.89,79.73,62,33,85,85,0.07,8909.653876,622028,NA,2.73,0.77,1.4,3462.9836,472.34,1248.86,113.9906,63.17
108,Morocco,84.98,5.52,53.36,20.23,18.21,35.3,23.93,2.8,13.44,31.75,0.47,72.85,74.64,99,99,99,99,0.04,3498.582764,36304408,6.83,2.24,0.76,1.1,3386.0002,20372.3,9027.29,NA,6218.53
109,Mozambique,57.58,10.94,24.59,8.76,7.22,38.6,9.05,3,16.45,35.75,1.48,55.39,61.67,85,83,84,85,8.19,512.2157569,30285595,4.22,0.85,0.29,1.1,2081.9998,7712.04,17503.31,NA,17667.04
110,Myanmar,78.91,15.44,25.27,6.67,12.03,37.8,21.74,3.7,27.16,32.16,1.93,65.69,72.04,90,84,90,90,0.35,1415.248986,53040212,6.48,0.91,0.5,1.1,2774,20633.11,41384.79,NA,15719.45
111,Namibia,84.84,13.3,35.16,15.94,10.2,43.8,26.66,2.8,11.81,34.36,5.04,59.99,66.9,87,80,84,87,5.68,5126.176143,2446644,6.88,3.58,0.42,1.2,2574.9915,651.68,746.49,NA,1307.19
112,Nepal,90.29,11.34,27.44,5.73,14.31,36.1,8.45,3.2,36.43,33.5,0.8,69.56,73.1,93,92,92,93,0.04,1185.682318,28832496,6.19,2.32,0.27,1.1,2845,5605.41,7784.15,NA,6694.2
113,Netherlands (Kingdom of the),100,1.81,46.35,14.25,5.95,30.5,10.52,3.3,10.74,23.52,8.29,80.85,83.76,92,94,94,94,NA,NA,NA,NA,9.48,0.77,NA,NA,NA,NA,NA,NA
114,New Zealand,100,1.4,66.5,32.3,8.26,30.9,19.07,3.4,8.61,22.42,9.12,80.16,83.43,92,92,92,92,0.04,42747.20993,4979200,10.81,20.04,0.82,1.4,3129.998,1582.02,807.91,NA,927.61
115,Nicaragua,81.61,2.93,65.77,31.79,13.9,35.8,37.64,3.4,16,23.43,3.73,76.3,81.27,98,99,99,98,0.14,1905.640917,6663924,7.76,3.56,0.69,1,2609.0002,544.48,673.92,58.758427,745.13
116,Niger,47.37,18.79,16.91,5.19,6.25,41.5,16.8,2.8,50.15,39,0.09,59.64,61.52,81,79,81,81,0.09,549.8161278,23443393,3.04,0.9,0.32,1,2595.999,3115.04,7192.23,NA,27456.14
117,Nigeria,74.72,9.43,32.56,11.01,9.97,36.1,18.24,2.6,55.64,32.08,2.95,61.68,64.51,66,58,66,66,NA,2334.023642,203304492,NA,1.05,0.37,1.1,2539.9998,30024.31,31641.76,NA,197057.95
118,Niue,97.01,0.62,87.84,64.86,23.8,39.5,7.98,3.4,6.74,32.23,8.5,NA,NA,99,99,99,99,NA,NA,NA,NA,16,0.58,0.9,NA,1.28,2.42,NA,1.03
119,North Macedonia,97.73,2.86,60.6,25.78,9.85,45.1,25.22,3.6,25.17,34.84,4.04,76.25,76.92,92,75,92,92,0.04,6718.858266,1876262,NA,1.8,0.8,1.4,3082.007,3528.57,1155.76,113.80549,179.58
120,Norway,100,1.36,56.67,18.27,5.4,30.5,34.69,3.5,6.3,21.8,6.02,81.12,84.16,96,97,97,97,NA,76430.58895,5347896,12.08,14.24,0.62,1.4,3531.9966,1507.91,874.09,NA,1736.53
121,"occupied Palestinian territory, including east Jerusalem",97.59,2.25,68.62,36.71,19.9,39.1,31.44,NA,30.82,31.63,NA,74,77.6,99,99,99,99,NA,NA,NA,NA,6.46,0.93,NA,NA,NA,NA,NA,NA
122,Oman,91.89,5.07,63.94,29,22.61,45.6,39.21,3.4,34.88,39.32,0.47,73.09,78.85,99,99,99,99,0.05,19132.15227,4602768,NA,5.72,0.64,1.2,3084.0007,784.81,400.46,23.367346,537.39
123,Pakistan,90.19,8.84,49.86,19.61,27.43,43.2,42.83,3.1,50.13,38.29,0.059,66.3,67.79,84,81,84,84,NA,1437.165833,223293280,6.41,0.48,0.61,1.1,2449,45449.05,66183.12,NA,66295.6
124,Palau,99.55,1.34,71.35,40.44,16.98,44.2,26.76,3.2,7.82,38.06,NA,NA,NA,98,97,97,97,NA,15730.55955,17916,NA,7,0.71,1,NA,7.86,15.79,NA,6.39
125,Panama,94.18,2.5,68.97,33.19,8.65,36.1,54.63,3.7,11.78,25.81,6.28,76.2,81.86,88,97,88,88,0.62,16472.83175,4232532,10.44,4,0.57,1,3053.9941,1190.63,902.85,74.39759,626.38
126,Papua New Guinea,47.08,3.97,49.68,19.22,20.95,27.8,12.74,3.6,8.89,24.98,1.2,65.57,67.92,35,37,42,35,0.82,2593.775554,9542486,4.84,5.76,0.53,1,2194.9995,906.39,4381.4,NA,2648.49
127,Paraguay,99.59,2.43,66.76,30.37,13.26,56.4,33.99,3.5,12.31,49.24,5.29,72.18,78.16,86,87,84,86,NA,5807.838794,6530026,8.83,0.31,0.18,1.1,3096.0005,1603.72,1379.65,81.25842,2110.16
128,Peru,93,1.09,64.73,24.38,13.87,20.7,32.85,3.4,29.07,16.17,5.66,76.69,79.88,88,85,87,88,0.3,6956.495749,32824861,9.96,3.48,0.68,1.1,2803.9995,4771.14,5425.28,76.022484,18621.12
129,Philippines,93.64,10.43,32.62,7.69,11.05,33.8,40.23,4,22.45,28.02,5.02,66.05,73.22,82,83,85,84,0.28,3413.849044,110380804,9.44,2.03,0.56,1.1,2816,25633.89,51797.32,79.463615,80395.86
130,Poland,91.82,2.65,61.11,25.8,9.52,49.2,34.65,3.5,18.83,33.29,10.72,73.94,81.5,90,93,87,95,0.06,15700.01358,37965475,12.01,4.44,0.78,1.4,3477.0002,25578.93,8711.21,135.18028,21352.25
131,Portugal,99.22,2.17,54.6,20.74,7,32.3,50.4,3.6,7.34,17.89,10.24,78.38,84.15,98,99,99,99,0.18,23330.81729,10286263,9.56,5.21,0.79,1.4,3484.9998,8493.58,4018.06,114.54254,5943.96
132,Qatar,99.97,2.48,75.73,41.33,25.38,40.9,52.55,3,59.04,31.18,0.98,78.49,79.84,98,99,99,98,0.04,62827.39696,2807235,8.52,6.04,0.68,1.2,3480.9976,112.45,162.79,37.98419,109.92
133,Republic of Korea,99.77,4.95,34.25,6.09,9.76,26.7,53.3,3.4,24.04,12.68,7.76,80.56,86.56,98,98,98,98,NA,NA,NA,NA,3.78,0.74,NA,NA,NA,NA,NA,NA
134,Republic of Moldova,90.7,2.36,59.92,23,8.45,48.3,11.29,3.2,12.37,44.26,6.34,69.32,77.17,94,97,94,91,NA,NA,NA,NA,1.97,0.62,NA,NA,NA,NA,NA,NA
135,Romania,100,3.38,62.11,30.2,10.98,48.4,33.75,3.6,13.3,34.11,10.65,71.78,79.23,90,90,88,88,0.06,12957.99911,19371648,11.28,5.03,0.7,1.4,3645.9998,33295.01,12918.65,134.44212,9441.68
136,Russian Federation,96.8,3.63,57.48,23.59,7.55,44.3,16.8,3.6,8.88,36.43,7.11,68.17,78,97,98,96,97,NA,11447.70117,145453291,NA,2.15,0.56,NA,NA,NA,NA,NA,NA
137,Rwanda,62.41,10.13,17.7,3.99,5.03,29.8,9.92,2.6,35.66,28.1,1.35,65.65,69.62,98,96,98,98,0.52,806.332472,12835028,5.24,1.06,0.64,1,2198.0002,1890.58,4418.3,NA,6644.91
138,Saint Lucia,96.89,3.97,60.86,31.12,18.48,39.8,21.23,3.5,8.98,31.06,10.23,72.53,79.93,92,96,91,92,NA,NA,NA,NA,3.31,0.51,1.1,2668.7908,77.23,65.44,106.14895,43.82
139,Samoa,96.42,0.42,86.93,60.44,16.75,38.3,15.83,3.7,7.78,34.55,1.91,68.77,71.31,68,96,68,68,NA,4308.300729,211905,NA,5.41,0.49,1,3052.928,41.05,130.26,NA,75.75
140,San Marino,100,NA,NA,NA,NA,NA,26.37,NA,9.85,NA,NA,NA,NA,87,86,88,88,NA,47287.39839,34178,NA,NA,NA,NA,NA,21.92,7.78,NA,6.61
141,Sao Tome and Principe,77.34,6.39,40.08,14.76,14.19,45.1,17.88,2.7,33.75,40.86,4.17,70.16,73.18,95,95,95,95,0.1,1924.40815,214599,NA,1.42,0.34,1.1,2374.8672,65.59,58.19,NA,111.11
142,Saudi Arabia,98.66,4.13,71.08,39.06,21.92,34,52.59,3.4,57.16,26.79,0,76.45,77.75,96,95,97,96,0.03,23405.70874,35827362,9.86,7.47,0.74,1.2,3219.9995,1874.92,1121.48,NA,2923.4
143,Senegal,82.7,17.27,28.66,9.27,8,40.5,16.92,2.9,38.21,36.64,0.31,67.08,70.28,95,86,97,96,0.14,1462.678353,16000781,4.4,1.26,0.38,1.1,2704.9995,3499.79,4456.76,NA,6411.57
144,Serbia,94.91,3.44,53.34,21.05,9.72,46.1,45.2,3.7,21.74,34.53,NA,73.26,78.46,94,87,97,97,0.05,7417.206608,6945235,11.72,2.83,0.77,1.4,3463.002,11888.29,3186.97,147.35765,2268.12
145,Seychelles,96.29,4.31,59.39,27.88,15.14,44.3,20.5,3.7,16.96,32.53,13.27,70.08,76.65,99,99,99,99,NA,19141.51187,97625,NA,7.12,0.7,1.2,3131.52,42.7,43.61,125.94745,68.25
146,Sierra Leone,61.93,8.37,21.75,6.61,10.38,40.8,13.26,2.8,39.42,37.33,0.19,59.5,61.3,95,93,95,95,0.81,506.6069138,8046828,4.99,0.62,0.23,1.1,2296,2239.5,3286.77,NA,8063.66
147,Singapore,100,7.48,38.49,11.77,12.31,31.5,23.11,3.8,13.33,19.66,1.82,81.81,85.98,96,96,97,97,NA,66081.71992,5703569,13.06,10.25,0.67,1.4,NA,653.33,795.42,85.445435,4983.57
148,Slovakia,99.79,2.72,59.09,24.86,7.96,42.7,23.54,3.6,15.89,27.82,10.33,74.23,80.9,97,96,97,97,NA,NA,NA,13.14,4.15,0.76,1.4,3024.9934,3252.61,1197.88,138.0385,2345.81
149,Slovenia,99.5,2.27,54.4,18.09,9.77,45.3,18.69,3.6,14.08,34.99,10.39,78.57,84.04,NA,94,95,95,NA,26042.44635,2088385,12.06,4.5,0.79,1.4,3147.9924,1505.03,447.98,128.23868,405.74
150,Solomon Islands,67.15,2.57,54.98,21.43,6.81,29.8,19.27,3.7,7.83,27.81,1.15,63.37,68.29,94,81,93,94,NA,2398.77305,674993,NA,NA,NA,1,2400.9644,127.46,565.26,NA,416.86
151,Somalia,54.93,17.09,32.34,12.87,9.37,36.1,18.13,3.1,14.28,32.65,0,52.87,57.75,42,46,47,42,NA,589.4658919,15981300,NA,0.49,0.07,1.1,NA,1788.64,7262.55,NA,29340.31
152,South Africa,93.39,5.21,54.69,30.08,14.25,44.1,45.62,3,19.75,33.71,7.35,62.5,68.85,85,83,85,85,6.6,6702.526617,58087055,10.47,2.62,0.53,1.3,2827,18566.76,18969.75,NA,36979.3
153,South Sudan,40.84,17.55,22.36,7.43,8.18,34.2,16.28,NA,20.18,30.35,NA,56.78,61.16,61,65,61,61,NA,NA,10447666,NA,2.44,0.66,NA,2340.9985,1104.6,3157.33,NA,9664.84
154,Spain,99.93,2.38,51.29,16.55,4.19,27.2,24.29,3.3,9.34,18.64,10.67,80.54,85.66,95,98,95,95,NA,29581.51855,47134837,11.51,5.92,0.78,1.4,3372,17366.13,11105.96,101.35696,13080.07
155,Sri Lanka,88.39,14.67,35.15,8.89,21.77,35.6,34.25,3.3,23.88,30.07,2.56,74.32,80.33,99,99,99,99,0.01,4082.694049,21803000,10.33,7,0.77,1.1,2763.9995,14091.59,9411.06,58.185818,3767.02
156,Sudan,61.61,14.45,36.87,15.03,11.02,40.8,19.22,3.1,21.43,37.5,0.003,68.35,70.55,93,90,93,93,0.12,748.0109253,43232093,4.38,1.09,0.73,1,2572.9998,10245.43,7369.19,NA,15221.1
157,Suriname,97.54,7.04,56.4,27.03,19.75,42.9,47.03,3.3,12.17,33.89,6.26,69.99,76.1,77,64,76,77,1.2,6690.044786,600301,NA,6.03,0.27,1.1,2693.9775,205.54,293.85,NA,134
158,Sweden,99.72,1.59,50.24,15,4.77,30.2,10.58,3.4,5.96,24.18,7.12,81.17,84.24,97,97,98,98,NA,51939.42974,10278887,11.93,7.83,0.68,1.5,3240.9993,3830.55,1967.68,94.47089,2137.8
159,Switzerland,100,3.05,40.88,11.94,4.09,21.9,19.95,3.4,8.97,13.85,9.25,81.76,85.12,69,95,96,96,0.08,84121.93103,8575280,12.97,9.69,0.6,1.5,3408.9988,2641.38,1233.56,89.43811,1679.11
160,Syrian Arab Republic,93.87,2.67,70.29,32.67,21.26,41.1,36.85,3.4,25.14,32.66,0.14,65.37,73.49,67,76,70,67,0.01,1123.632353,20098251,NA,0.4,0.42,NA,NA,NA,NA,NA,NA
161,TÃ¼rkiye,96.87,2.26,66.84,32.26,15.57,32.8,43.74,3.3,23.25,22.16,NA,NA,NA,NA,NA,NA,NA,NA,NA,NA,NA,NA,NA,NA,NA,NA,NA,NA,NA
162,Tajikistan,81.82,3.79,56.24,21.76,13.1,46.8,34.13,3,53.65,43.39,0.86,72.28,75.37,97,98,97,97,0.2,889.0233407,9337003,10.12,0.87,0.42,1.1,2765.9976,2167.19,2183.76,NA,2442.91
163,Thailand,99.96,6.93,42.58,13.55,11.17,29.2,26.69,4,24.64,21.59,6.68,73.3,80.64,97,96,97,97,0.28,7628.576033,71307763,9.32,1.92,0.79,1.2,2808.9995,27272,41568.11,89.794846,39802.36
164,Timor-Leste,82.38,20.68,12.47,1.88,6.12,35.3,25.07,3.2,20.47,31.31,0.32,67.02,70.08,83,75,83,83,0.15,1583.078603,1280438,NA,2,0.22,NA,NA,NA,NA,NA,NA
165,Togo,67.81,8.86,28.59,9.94,8.56,36,14.39,2.8,35.66,32.56,1.02,61.21,66.34,84,75,78,84,0.56,848.310125,8243094,7.68,1.26,0.41,1.1,2435.999,2107.51,3310.47,NA,6633.24
166,Tonga,98.7,0.26,89.64,69.07,23.03,43.3,30.6,3.8,7.52,39.23,0.3,70.38,75.6,99,99,99,99,NA,4878.978686,104951,11.42,10.12,0.67,0.9,NA,20.31,36.66,NA,34.94
167,Trinidad and Tobago,98.88,6.86,57.11,26.93,26.87,42.4,43.33,3.5,10.26,33.55,5.68,70.71,77.54,93,99,93,93,NA,15642.40672,1519955,11.28,4.45,0.26,1.2,2952.9805,588.5,449.79,NA,260.82
168,Tunisia,96.19,4.23,56,25.38,15.05,34.7,31.79,3.1,26.52,29.62,1.59,75.09,79.99,98,98,98,98,NA,3477.836181,12049314,9.29,1.27,0.7,1.2,3440.9973,5885.01,2253.84,NA,1742.62
169,Turkmenistan,99.79,2.96,55.33,20.17,15.94,39,12.51,3.3,26.41,34.52,2.86,65.7,72.54,99,99,99,99,NA,7344.880204,6158420,NA,8.57,0.42,1.3,2851.998,2611.91,2545.58,NA,1248.05
170,Tuvalu,99.2,0.76,85.18,62.55,14.14,50.4,25.74,3.4,6.81,47.4,0.93,NA,NA,92,96,92,92,NA,4940.050983,10956,NA,4.31,0.39,0.8,NA,3.36,10.2,NA,3.83
171,Uganda,54.33,13.62,21.26,6.45,4.8,32.5,5.91,2.8,31.31,30.05,6.57,62.82,69.31,93,87,92,93,2.54,823.0247329,42949080,6.69,1.09,0.35,1,2125,2062,6028.53,NA,15590.34
172,Ukraine,93.51,2.12,54.93,23.05,8.11,43.1,12.31,3.6,13.51,37.1,5.53,67.99,77.81,76,93,78,80,NA,3661.457764,44474512,10.82,1.48,0.69,1.4,2943,64170.12,18381.74,106.76898,6114.09
173,United Arab Emirates,100,2.74,71.32,32,26.74,41.4,63.92,3.5,41.75,33.26,2.1,80.98,82.29,98,99,95,99,NA,45376.17084,9211657,9.57,5.72,0.73,1.2,3305,479.14,406.68,38.510544,368.16
174,United Kingdom of Great Britain and Northern Ireland,100,1.96,61.16,26.17,7.92,26.4,21.22,3.3,9.52,18.51,9.84,79.5,82.92,93,91,93,93,NA,NA,NA,NA,13.53,0.79,NA,NA,NA,NA,NA,NA
175,United Republic of Tanzania,56.57,11.21,29.61,10.78,6.64,33.2,4.97,3.2,15.36,30.9,5.09,65.2,68.37,91,89,87,91,NA,NA,NA,NA,1.74,0.3,NA,NA,NA,NA,NA,NA
176,United States of America,99.74,1.89,71.3,40.46,11.53,31.6,33.25,3.3,7.18,16.56,8.93,76.53,80.98,91,90,93,94,NA,NA,NA,NA,7.33,0.4,NA,NA,NA,NA,NA,NA
177,Uruguay,99.49,2.21,65.05,30.67,13.25,42.4,32.98,3.6,8.48,30.14,5.16,73.36,80.5,94,96,93,94,0.45,18149.05629,3428409,8.76,3.89,0.66,1.2,3277.998,1915.26,1033.84,139.82904,1501.68
178,Uzbekistan,95.63,2.45,59.57,27.36,16.18,45.7,27.52,3.6,40.98,38.16,2.55,70.15,74.28,96,98,98,96,NA,1795.201768,33580350,NA,0.83,0.56,1.2,3235.0002,12491.18,10860.31,59.34124,3971.29
179,Vanuatu,90.07,2.64,50.36,20.27,20.36,39.5,7.98,3.6,8.42,37.59,1.66,64.12,70.64,90,80,90,90,NA,3076.589886,304404,NA,6.49,0.53,1,2798.8713,72.22,205.76,NA,118.12
180,Venezuela (Bolivarian Republic of),93.86,4.15,54.79,22.83,10.97,39.4,44.58,3.2,16.21,26.54,2.71,68.38,77.35,64,93,62,64,NA,NA,NA,NA,2.07,0.73,NA,NA,NA,NA,NA,NA
181,Viet Nam,95.99,14.41,15.41,1.57,8.88,29.7,27.95,3.5,20.89,25.93,3.42,69.51,78,89,95,89,89,0.14,3491.09141,95776716,NA,0.93,0.39,NA,NA,NA,NA,NA,NA
182,Yemen,59.72,11.68,35.22,12.19,17.28,29.3,27.8,3.4,41.61,24.45,0.018,63.95,70.01,60,54,59,60,NA,NA,NA,5.56,2.4,0.51,1.1,2029.9998,9060.69,6621.39,NA,10170.36
183,Zambia,66.85,8.89,27.29,9.56,10.9,32.3,14.33,2.7,16.9,29.22,3.25,59.43,63.95,88,93,89,88,6.06,1268.120941,18380477,8.37,1.16,0.39,1.1,2243.0002,1428.59,3796.07,NA,7666.81
184,Zimbabwe,63.09,7.11,32.78,12.77,11.15,42.3,17.65,2.8,13.08,35.33,2.78,56.9,61.02,90,85,90,90,2.55,1421.868596,15354608,8.32,1.24,0.29,1.3,2025.0006,3487.46,5907.43,NA,12180.31
185,American Samoa,NA,0.34,91.28,74.37,30.16,NA,NA,NA,NA,NA,NA,NA,NA,NA,NA,NA,NA,NA,NA,NA,NA,NA,NA,NA,NA,NA,NA,NA,NA
186,Argentina,NA,1.75,66.05,32.43,10.14,47.5,37.64,3.4,12.04,40.42,7.64,74,79.91,83,86,83,83,0.19,9963.674162,44938712,9.86,1.95,0.77,1.2,3270.0002,11206.85,11212.04,109.623726,38321.1
187,Bahamas,NA,3.41,74.23,45.05,18.08,44.5,37.25,3.5,5.2,34.54,9.46,68.08,73.26,89,83,89,89,NA,NA,NA,NA,10,0.43,1.3,2551.981,101.69,123.09,NA,114.85
188,Bermuda,NA,4.97,60.74,30.89,19.25,NA,NA,NA,NA,NA,NA,NA,NA,NA,NA,NA,NA,NA,NA,NA,NA,NA,NA,NA,NA,NA,NA,NA,NA
189,Comoros,NA,6.61,40.17,14.37,5.67,33.2,15.74,2.9,14.37,29.41,0.18,66.8,69.43,78,76,71,78,NA,1510.797324,790986,NA,0.96,0.74,1.1,2488.9905,162.56,292.27,NA,521.46
190,Croatia,NA,2.06,62.38,28.15,8.36,48.4,25.69,3.7,15.29,38.92,10.14,75.58,81.59,93,93,94,94,0.04,15218.5258,4065253,12.03,3.92,0.84,1.4,3183.0007,3936.38,1360.81,146.68248,327.4
191,Dominica,NA,4.63,57.14,29.21,21.95,47.7,28.75,3.5,8.22,39.28,6.34,NA,NA,99,92,99,99,NA,8561.587011,71428,NA,1.85,0.23,1.2,2981.3323,36.06,30.47,NA,22.88
192,Equatorial Guinea,NA,9.57,37.73,16.29,12.63,38.1,19.83,2.8,25.67,33.79,6.19,59.88,63.05,62,51,63,62,5.13,7317.390026,1553031,NA,0.9,0.24,1.2,NA,240.36,293.19,NA,1101.93
193,Eritrea,NA,32.47,15.46,4.02,7.92,23.7,11.72,3,22.74,20.68,0.88,61,66.53,95,93,95,95,0.13,NA,3498818,NA,NA,NA,1.1,NA,813.7,2118.46,NA,3161.11
194,French Polynesia,NA,1.42,73.02,46.48,16.35,NA,NA,NA,NA,37.4,NA,NA,NA,NA,NA,NA,NA,NA,NA,NA,NA,NA,NA,NA,NA,NA,NA,NA,NA
195,Greenland,NA,2.53,57.56,25.8,6.3,NA,NA,NA,NA,NA,NA,NA,NA,NA,NA,NA,NA,NA,NA,NA,NA,NA,NA,NA,NA,NA,NA,NA,NA
196,Grenada,NA,4.22,58.21,28.25,19.13,46.6,34.5,3.5,10.08,37.76,8.46,70.46,75.32,94,94,94,94,NA,9887.920742,122724,NA,NA,NA,1.2,2497.654,84.83,50.56,152.04393,77.33
197,Nauru,NA,0.44,88.91,69.17,25.86,41.8,36.41,3.1,7.4,35.53,2.44,NA,NA,96,95,96,96,NA,10316.52782,12132,NA,12.98,0.42,1,2985.6006,2,8.78,NA,3.97
198,Puerto Rico,NA,2.74,72.13,39.11,21.47,42.6,40.42,NA,NA,32.9,NA,76.86,84.04,NA,NA,NA,NA,NA,32916.8668,3193694,NA,NA,NA,NA,NA,NA,NA,NA,NA
199,Saint Kitts and Nevis,NA,2.91,73.96,43.59,19.17,45.1,40.39,3.5,8.05,35.03,8.83,NA,NA,97,97,97,97,NA,NA,NA,NA,NA,NA,1.1,2829.2803,34.61,24.49,NA,19.16
200,Saint Vincent and the Grenadines,NA,4.01,59.76,31.14,13.68,39.3,29.43,3.2,9.41,31.22,7.61,70.76,75.82,98,99,99,97,NA,NA,NA,NA,2.96,0.23,1.2,2960.4355,61.39,43.24,146.55217,38.54
201,Tokelau,NA,0.45,89.77,68.44,31.54,NA,NA,NA,NA,NA,NA,NA,NA,NA,NA,NA,NA,NA,NA,NA,NA,NA,NA,NA,NA,NA,NA,NA,NA
202,Bolivia,NA,NA,NA,NA,NA,NA,NA,NA,NA,NA,NA,NA,NA,NA,NA,NA,NA,0.29,3472.380831,11777315,9.06,NA,NA,1,2419.0005,1831.17,3161.24,NA,5353.43
203,Moldova,NA,NA,NA,NA,NA,NA,NA,NA,NA,NA,NA,NA,NA,NA,NA,NA,NA,0.63,4405.334182,2664224,10.84,NA,NA,1.3,2530.189,2849.2,1826.42,NA,783.72
204,Netherlands,NA,NA,NA,NA,NA,NA,NA,NA,NA,NA,NA,NA,NA,NA,NA,NA,NA,0.04,52476.27325,17344874,11.82,NA,NA,1.4,3468,6201.76,3082.99,114.38801,3917.83
205,North America,NA,NA,NA,NA,NA,NA,NA,NA,NA,NA,NA,NA,NA,NA,NA,NA,NA,0.180795294,63584.03774,366012359,11.858304,NA,NA,NA,3563.3286,147511.28,113706.24,NA,125801.086
206,Tanzania,NA,NA,NA,NA,NA,NA,NA,NA,NA,NA,NA,NA,NA,NA,NA,NA,NA,2.06,1050.931763,59872579,6.87,NA,NA,1.1,2358.9998,7274.49,10765.64,NA,27301.02
207,United Kingdom,NA,NA,NA,NA,NA,NA,NA,NA,NA,NA,NA,NA,NA,NA,NA,NA,NA,NA,42662.53537,66836327,12.9,NA,NA,1.5,3378.9998,21903.01,14443.29,116.20921,35101.57
208,United States,NA,NA,NA,NA,NA,NA,NA,NA,NA,NA,NA,NA,NA,NA,NA,NA,NA,0.19,65548.07078,328329953,13.32,NA,NA,1.4,3875.9998,95765.05,65376.78,99.95339,51986.86
209,Democratic Republic of Congo,NA,NA,NA,NA,NA,NA,NA,NA,NA,NA,NA,NA,NA,NA,NA,NA,NA,NA,NA,NA,4.85,NA,NA,1.1,2158.9998,13669.65,28156.28,NA,73330.68
210,Iran,NA,NA,NA,NA,NA,NA,NA,NA,NA,NA,NA,NA,NA,NA,NA,NA,NA,NA,NA,NA,9.8,NA,NA,1.2,2917.9998,27326.75,6794.36,NA,8441.59
211,Laos,NA,NA,NA,NA,NA,NA,NA,NA,NA,NA,NA,NA,NA,NA,NA,NA,NA,NA,NA,NA,6.05,NA,NA,1,2724.9968,2228.78,4021.89,NA,2885.45
212,Russia,NA,NA,NA,NA,NA,NA,NA,NA,NA,NA,NA,NA,NA,NA,NA,NA,NA,NA,NA,NA,11.6,NA,NA,1.4,3347.0002,243573.38,71897.51,119.7975,25720.98
213,South Korea,NA,NA,NA,NA,NA,NA,NA,NA,NA,NA,NA,NA,NA,NA,NA,NA,NA,NA,NA,NA,13.68,NA,NA,1.4,3381.9998,15605.13,10429.99,85.8372,27176.36
214,Syria,NA,NA,NA,NA,NA,NA,NA,NA,NA,NA,NA,NA,NA,NA,NA,NA,NA,NA,NA,NA,7.92,NA,NA,1.2,2517.9998,5542.69,3723.95,NA,3089.86
215,Turkey,NA,NA,NA,NA,NA,NA,NA,NA,NA,NA,NA,NA,NA,NA,NA,NA,NA,NA,NA,NA,8.49,NA,NA,1.2,3801.9995,28874.3,17157.9,85.998985,13486.58
216,Venezuela,NA,NA,NA,NA,NA,NA,NA,NA,NA,NA,NA,NA,NA,NA,NA,NA,NA,NA,NA,NA,9.33,NA,NA,1,2237.9995,6024.31,6837.66,NA,6066.64
217,Vietnam,NA,NA,NA,NA,NA,NA,NA,NA,NA,NA,NA,NA,NA,NA,NA,NA,NA,NA,NA,NA,8.35,NA,NA,1.1,2962.0002,79439.61,92136.02,NA,23881.19
